INSERT INTO `Library_Sections` (`SectionID`, `Name`) VALUES ('1', 'Section 02');
INSERT INTO `Library_Sections` (`SectionID`, `Name`) VALUES ('6', 'Section 6');
INSERT INTO `Library_Sections` (`SectionID`, `Name`) VALUES ('9', 'Section 9');
INSERT INTO `Library_Sections` (`SectionID`, `Name`) VALUES ('10', 'Section 8');
INSERT INTO `Library_Sections` (`SectionID`, `Name`) VALUES ('11', 'Section 20');
INSERT INTO `Library_Sections` (`SectionID`, `Name`) VALUES ('12', 'Section 3');
INSERT INTO `Library_Sections` (`SectionID`, `Name`) VALUES ('13', 'Section 5');
INSERT INTO `Library_Sections` (`SectionID`, `Name`) VALUES ('14', 'Niloy');
INSERT INTO `Shelf` (`ShelfID`, `SectionID`, `Topic`) VALUES ('1', '6', 'I do not Know');
INSERT INTO `Shelf` (`ShelfID`, `SectionID`, `Topic`) VALUES ('2', '1', 'Rifa');
INSERT INTO `Shelf` (`ShelfID`, `SectionID`, `Topic`) VALUES ('3', '1', 'Rifa');
INSERT INTO `Shelf` (`ShelfID`, `SectionID`, `Topic`) VALUES ('5', '14', 'Baddie');
INSERT INTO `Members` (`UserID`, `Name`, `Email`, `MembershipType`, `PhoneNumber`, `Address_Street`, `Address_City`, `Address_ZIP`) VALUES ('1', 'Admin User', 'admin@libginie.com', 'admin', NULL, NULL, NULL, NULL);
INSERT INTO `Members` (`UserID`, `Name`, `Email`, `MembershipType`, `PhoneNumber`, `Address_Street`, `Address_City`, `Address_ZIP`) VALUES ('2', 'AhsanAalok', 'atuh@gm.vom', 'author', '01618191012', 'Mirpur DOHS', 'Dhaka', '1216');
INSERT INTO `Members` (`UserID`, `Name`, `Email`, `MembershipType`, `PhoneNumber`, `Address_Street`, `Address_City`, `Address_ZIP`) VALUES ('3', 'Dunno', '@example.com', 'Registered', NULL, NULL, NULL, NULL);
INSERT INTO `Members` (`UserID`, `Name`, `Email`, `MembershipType`, `PhoneNumber`, `Address_Street`, `Address_City`, `Address_ZIP`) VALUES ('4', 'Cheking', 'cheking@example.com', 'Registered', NULL, NULL, NULL, NULL);
INSERT INTO `Members` (`UserID`, `Name`, `Email`, `MembershipType`, `PhoneNumber`, `Address_Street`, `Address_City`, `Address_ZIP`) VALUES ('5', 'Shams Akbar Aalok', 'shams.aalok@northsouth.edu', 'student', '01611806888', 'Mirpur DOHS', 'Dhaka', '1216');
INSERT INTO `Members` (`UserID`, `Name`, `Email`, `MembershipType`, `PhoneNumber`, `Address_Street`, `Address_City`, `Address_ZIP`) VALUES ('6', 'Rampal', 'rampal@example.com', 'Registered', NULL, NULL, NULL, NULL);
INSERT INTO `Members` (`UserID`, `Name`, `Email`, `MembershipType`, `PhoneNumber`, `Address_Street`, `Address_City`, `Address_ZIP`) VALUES ('7', 'DIMBY', 'dimby@example.com', 'Registered', NULL, NULL, NULL, NULL);
INSERT INTO `Members` (`UserID`, `Name`, `Email`, `MembershipType`, `PhoneNumber`, `Address_Street`, `Address_City`, `Address_ZIP`) VALUES ('8', 'Stan Lee', 'stan.lee@example.com', 'Registered', NULL, NULL, NULL, NULL);
INSERT INTO `Registered` (`UserID`, `RegistrationDate`) VALUES ('2', '2025-08-12');
INSERT INTO `Registered` (`UserID`, `RegistrationDate`) VALUES ('3', '2025-08-12');
INSERT INTO `Registered` (`UserID`, `RegistrationDate`) VALUES ('4', '2025-08-12');
INSERT INTO `Registered` (`UserID`, `RegistrationDate`) VALUES ('5', '2025-08-15');
INSERT INTO `Registered` (`UserID`, `RegistrationDate`) VALUES ('6', '2025-08-15');
INSERT INTO `Registered` (`UserID`, `RegistrationDate`) VALUES ('7', '2025-08-15');
INSERT INTO `Registered` (`UserID`, `RegistrationDate`) VALUES ('8', '2025-08-15');
INSERT INTO `Employee` (`UserID`, `EmployeeID`, `start_date`) VALUES ('1', 'E001', '2025-08-12');
INSERT INTO `Student` (`UserID`, `StudentID`, `Institution`) VALUES ('5', '2232201642', 'North South University');
INSERT INTO `Author` (`UserID`, `AuthorID`, `AuthorTitle`, `AuthorBio`) VALUES ('2', '1', 'Adult Fiction Writer', 'IdkWhoIAm');
INSERT INTO `Author` (`UserID`, `AuthorID`, `AuthorTitle`, `AuthorBio`) VALUES ('3', '2', NULL, NULL);
INSERT INTO `Author` (`UserID`, `AuthorID`, `AuthorTitle`, `AuthorBio`) VALUES ('4', '3', NULL, NULL);
INSERT INTO `Author` (`UserID`, `AuthorID`, `AuthorTitle`, `AuthorBio`) VALUES ('6', '4', NULL, NULL);
INSERT INTO `Author` (`UserID`, `AuthorID`, `AuthorTitle`, `AuthorBio`) VALUES ('7', '5', NULL, NULL);
INSERT INTO `Author` (`UserID`, `AuthorID`, `AuthorTitle`, `AuthorBio`) VALUES ('8', '6', NULL, NULL);
INSERT INTO `Admin` (`UserID`, `AdminID`) VALUES ('1', 'AD001');
INSERT INTO `LoginCredentials` (`UserID`, `Email`, `PasswordHash`) VALUES ('1', 'admin@libginie.com', '$2y$10$66OsT/.Gf89ymqJyhuaYLekBEZeKel5515XKSSrv5w0yXif1emvjG');
INSERT INTO `LoginCredentials` (`UserID`, `Email`, `PasswordHash`) VALUES ('5', 'shams.aalok@northsouth.edu', '$2y$10$T0jRK.Gd8.lOF8N3MoKGGu.IbnM6IaDtrnHrYVKhAT123hnekCqJm');
INSERT INTO `Genres` (`GenreID`, `GenreName`) VALUES ('17', 'Action and Adventure');
INSERT INTO `Genres` (`GenreID`, `GenreName`) VALUES ('2', 'Adult Fiction');
INSERT INTO `Genres` (`GenreID`, `GenreName`) VALUES ('10', 'Biography');
INSERT INTO `Genres` (`GenreID`, `GenreName`) VALUES ('13', 'Children\'s');
INSERT INTO `Genres` (`GenreID`, `GenreName`) VALUES ('21', 'Classic');
INSERT INTO `Genres` (`GenreID`, `GenreName`) VALUES ('1', 'Comedy');
INSERT INTO `Genres` (`GenreID`, `GenreName`) VALUES ('12', 'Cookbook');
INSERT INTO `Genres` (`GenreID`, `GenreName`) VALUES ('16', 'Drama');
INSERT INTO `Genres` (`GenreID`, `GenreName`) VALUES ('4', 'Fantasy');
INSERT INTO `Genres` (`GenreID`, `GenreName`) VALUES ('18', 'Graphic Novel');
INSERT INTO `Genres` (`GenreID`, `GenreName`) VALUES ('9', 'Historical Fiction');
INSERT INTO `Genres` (`GenreID`, `GenreName`) VALUES ('3', 'Horror');
INSERT INTO `Genres` (`GenreID`, `GenreName`) VALUES ('6', 'Mystery');
INSERT INTO `Genres` (`GenreID`, `GenreName`) VALUES ('15', 'Poetry');
INSERT INTO `Genres` (`GenreID`, `GenreName`) VALUES ('8', 'Romance');
INSERT INTO `Genres` (`GenreID`, `GenreName`) VALUES ('5', 'Science Fiction');
INSERT INTO `Genres` (`GenreID`, `GenreName`) VALUES ('11', 'Self-Help');
INSERT INTO `Genres` (`GenreID`, `GenreName`) VALUES ('19', 'Superhero');
INSERT INTO `Genres` (`GenreID`, `GenreName`) VALUES ('7', 'Thriller');
INSERT INTO `Genres` (`GenreID`, `GenreName`) VALUES ('20', 'Tragedy');
INSERT INTO `Genres` (`GenreID`, `GenreName`) VALUES ('14', 'Young Adult');
INSERT INTO `Books` (`ISBN`, `AuthorID`, `SectionID`, `Title`, `Category`, `Publisher`, `PublishedYear`, `Description`, `CoverPicture`) VALUES ('ISBN1012', '1', '10', 'HeheHihi', 'Text Books', 'Shams', '2019', 'IdkUYet', 'https://res.cloudinary.com/dde5qpyti/image/upload/v1754779279/book_covers/l8dhwbampnt5aphmcj7n.jpg');
INSERT INTO `Books` (`ISBN`, `AuthorID`, `SectionID`, `Title`, `Category`, `Publisher`, `PublishedYear`, `Description`, `CoverPicture`) VALUES ('ISBN1030', '5', '6', 'Twisted Hate', 'Novels', 'Shams', '2019', NULL, 'https://res.cloudinary.com/dde5qpyti/image/upload/v1754849503/book_covers/eyjmo0gaxd0qirng3hot.png');
INSERT INTO `Books` (`ISBN`, `AuthorID`, `SectionID`, `Title`, `Category`, `Publisher`, `PublishedYear`, `Description`, `CoverPicture`) VALUES ('ISBN1039', '5', '10', 'I DO NOT KNOW', 'Novels', 'Shams', '1998', 'LETS SEE', 'https://res.cloudinary.com/dde5qpyti/image/upload/v1755224382/book_covers/qcqfzy8ct2nezsn5ty00.webp');
INSERT INTO `Books` (`ISBN`, `AuthorID`, `SectionID`, `Title`, `Category`, `Publisher`, `PublishedYear`, `Description`, `CoverPicture`) VALUES ('ISBN1089', '5', '10', 'I WANNA KNOW', 'Novels', 'Shams', '2019', 'DUNNO', 'https://res.cloudinary.com/dde5qpyti/image/upload/v1755224713/book_covers/m814xvja4akgscgthqbz.jpg');
INSERT INTO `Books` (`ISBN`, `AuthorID`, `SectionID`, `Title`, `Category`, `Publisher`, `PublishedYear`, `Description`, `CoverPicture`) VALUES ('ISBN1099', '4', '10', 'I Do', 'Novels', 'Shams', '2019', 'Just another novel', 'https://res.cloudinary.com/dde5qpyti/image/upload/v1755224007/book_covers/qumumfxdcnbdvgriyjmx.png');
INSERT INTO `Books` (`ISBN`, `AuthorID`, `SectionID`, `Title`, `Category`, `Publisher`, `PublishedYear`, `Description`, `CoverPicture`) VALUES ('ISBN2012', '3', '12', 'BiBiBaBa', 'Magazines', 'Grameen', '2015', 'Cars nand Cards', 'https://res.cloudinary.com/dde5qpyti/image/upload/v1754848915/book_covers/j0yjwlfhzdbpucxnje97.jpg');
INSERT INTO `Books` (`ISBN`, `AuthorID`, `SectionID`, `Title`, `Category`, `Publisher`, `PublishedYear`, `Description`, `CoverPicture`) VALUES ('ISBN2015', '6', '13', 'Marvel\'s EndBong', 'Comics', 'Marvel', '1990', 'Engbong is the strongest cat that will ruin marvel', 'https://res.cloudinary.com/dde5qpyti/image/upload/v1754849451/book_covers/mva6tnvrcoyhcr4oxx29.jpg');
INSERT INTO `Books` (`ISBN`, `AuthorID`, `SectionID`, `Title`, `Category`, `Publisher`, `PublishedYear`, `Description`, `CoverPicture`) VALUES ('ISBN2017', '5', '7', 'OKii', 'Magazines', 'Shams', '2029', NULL, 'https://res.cloudinary.com/dde5qpyti/image/upload/v1754951305/book_covers/dsgakjjti6nf4lmkpfkc.jpg');
INSERT INTO `TextBook` (`ISBN`, `Editions`, `Subject`) VALUES ('ISBN1012', NULL, NULL);
INSERT INTO `Comics` (`ISBN`, `Artist`, `Studio`) VALUES ('ISBN2015', NULL, NULL);
INSERT INTO `Novels` (`ISBN`, `Narration`) VALUES ('ISBN1030', NULL);
INSERT INTO `Novels` (`ISBN`, `Narration`) VALUES ('ISBN1039', NULL);
INSERT INTO `Novels` (`ISBN`, `Narration`) VALUES ('ISBN1089', NULL);
INSERT INTO `Novels` (`ISBN`, `Narration`) VALUES ('ISBN1099', NULL);
INSERT INTO `Magazines` (`ISBN`, `Timeline`) VALUES ('ISBN2012', NULL);
INSERT INTO `Magazines` (`ISBN`, `Timeline`) VALUES ('ISBN2017', NULL);
INSERT INTO `Book_Genres` (`ISBN`, `GenreID`) VALUES ('ISBN1099', '1');
INSERT INTO `Book_Genres` (`ISBN`, `GenreID`) VALUES ('ISBN1030', '2');
INSERT INTO `Book_Genres` (`ISBN`, `GenreID`) VALUES ('ISBN2012', '2');
INSERT INTO `Book_Genres` (`ISBN`, `GenreID`) VALUES ('ISBN1012', '3');
INSERT INTO `Book_Genres` (`ISBN`, `GenreID`) VALUES ('ISBN1039', '3');
INSERT INTO `Book_Genres` (`ISBN`, `GenreID`) VALUES ('ISBN1089', '3');
INSERT INTO `Book_Genres` (`ISBN`, `GenreID`) VALUES ('ISBN2015', '3');
INSERT INTO `Book_Genres` (`ISBN`, `GenreID`) VALUES ('ISBN2017', '5');
INSERT INTO `BookCopy` (`CopyID`, `ISBN`, `Status`) VALUES ('3', 'ISBN1089', 'Available');
INSERT INTO `BookCopy` (`CopyID`, `ISBN`, `Status`) VALUES ('4', 'ISBN1089', 'Available');
INSERT INTO `BookCopy` (`CopyID`, `ISBN`, `Status`) VALUES ('5', 'ISBN1089', 'Available');
INSERT INTO `BookCopy` (`CopyID`, `ISBN`, `Status`) VALUES ('6', 'ISBN1089', 'Available');
INSERT INTO `BookCopy` (`CopyID`, `ISBN`, `Status`) VALUES ('7', 'ISBN1012', 'Available');
INSERT INTO `BookCopy` (`CopyID`, `ISBN`, `Status`) VALUES ('8', 'ISBN1012', 'Available');
INSERT INTO `BookCopy` (`CopyID`, `ISBN`, `Status`) VALUES ('9', 'ISBN1012', 'Available');
INSERT INTO `BookReviews` (`ReviewID`, `ISBN`, `UserID`, `Rating`, `ReviewText`, `ReviewTime`) VALUES ('1', 'ISBN2012', '1', '4', 'sadojhkfvj', '2025-08-15 10:44:01');
INSERT INTO `BookReviews` (`ReviewID`, `ISBN`, `UserID`, `Rating`, `ReviewText`, `ReviewTime`) VALUES ('2', 'ISBN2012', '5', '5', 'Cool', '2025-08-15 06:56:07');
INSERT INTO `BookInteractions` (`InteractionID`, `UserID`, `ISBN`, `IsFavorite`, `InWishlist`, `IsRead`, `LastViewed`) VALUES ('1', '1', 'ISBN1012', '0', '0', '0', '2025-08-15 07:25:58');
INSERT INTO `BookInteractions` (`InteractionID`, `UserID`, `ISBN`, `IsFavorite`, `InWishlist`, `IsRead`, `LastViewed`) VALUES ('2', '1', 'ISBN2012', '0', '0', '0', '2025-08-15 10:44:51');
INSERT INTO `BookInteractions` (`InteractionID`, `UserID`, `ISBN`, `IsFavorite`, `InWishlist`, `IsRead`, `LastViewed`) VALUES ('3', '1', 'ISBN2015', '0', '0', '0', '2025-08-13 02:37:36');
INSERT INTO `BookInteractions` (`InteractionID`, `UserID`, `ISBN`, `IsFavorite`, `InWishlist`, `IsRead`, `LastViewed`) VALUES ('4', '1', 'ISBN1030', '0', '0', '0', '2025-08-15 07:18:03');
INSERT INTO `BookInteractions` (`InteractionID`, `UserID`, `ISBN`, `IsFavorite`, `InWishlist`, `IsRead`, `LastViewed`) VALUES ('5', '1', 'ISBN2017', '0', '0', '0', '2025-08-13 01:23:37');
INSERT INTO `BookInteractions` (`InteractionID`, `UserID`, `ISBN`, `IsFavorite`, `InWishlist`, `IsRead`, `LastViewed`) VALUES ('95', '5', 'ISBN2012', '0', '0', '1', '2025-08-15 06:56:09');
INSERT INTO `BookInteractions` (`InteractionID`, `UserID`, `ISBN`, `IsFavorite`, `InWishlist`, `IsRead`, `LastViewed`) VALUES ('103', '5', 'ISBN1012', '0', '0', '0', '2025-08-15 06:39:42');
INSERT INTO `BooksAdded` (`ISBN`, `UserID`, `AddDate`) VALUES ('ISBN1039', '1', '2025-08-15');
INSERT INTO `BooksAdded` (`ISBN`, `UserID`, `AddDate`) VALUES ('ISBN1089', '1', '2025-08-15');
INSERT INTO `BooksAdded` (`ISBN`, `UserID`, `AddDate`) VALUES ('ISBN1099', '1', '2025-08-15');
