INSERT INTO `Library_Sections` (`SectionID`, `Name`) VALUES ('1', 'Section 02');
INSERT INTO `Library_Sections` (`SectionID`, `Name`) VALUES ('6', 'Section 6');
INSERT INTO `Library_Sections` (`SectionID`, `Name`) VALUES ('9', 'Section 9');
INSERT INTO `Library_Sections` (`SectionID`, `Name`) VALUES ('10', 'Section 8');
INSERT INTO `Library_Sections` (`SectionID`, `Name`) VALUES ('11', 'Section 20');
INSERT INTO `Library_Sections` (`SectionID`, `Name`) VALUES ('12', 'Section 3');
INSERT INTO `Library_Sections` (`SectionID`, `Name`) VALUES ('13', 'Section 5');
INSERT INTO `Library_Sections` (`SectionID`, `Name`) VALUES ('14', 'Niloy');
INSERT INTO `Library_Sections` (`SectionID`, `Name`) VALUES ('15', 'Section 20');
INSERT INTO `Library_Sections` (`SectionID`, `Name`) VALUES ('17', 'Section 19');
INSERT INTO `Library_Sections` (`SectionID`, `Name`) VALUES ('19', 'NiloyBaccha');
INSERT INTO `Shelf` (`ShelfID`, `SectionID`, `Topic`) VALUES ('1', '6', 'I do not Know');
INSERT INTO `Shelf` (`ShelfID`, `SectionID`, `Topic`) VALUES ('2', '1', 'Rifa');
INSERT INTO `Shelf` (`ShelfID`, `SectionID`, `Topic`) VALUES ('3', '1', 'Rifa');
INSERT INTO `Shelf` (`ShelfID`, `SectionID`, `Topic`) VALUES ('5', '14', 'Baddie');
INSERT INTO `Shelf` (`ShelfID`, `SectionID`, `Topic`) VALUES ('6', '19', 'Good Boy');
INSERT INTO `Members` (`UserID`, `Name`, `Email`, `MembershipType`, `PhoneNumber`, `Address_Street`, `Address_City`, `Address_ZIP`) VALUES ('1', 'Admin User', 'admin@libginie.com', 'admin', '01618191012', 'Mirpur DOHS', 'Dhaka', '1216');
INSERT INTO `Members` (`UserID`, `Name`, `Email`, `MembershipType`, `PhoneNumber`, `Address_Street`, `Address_City`, `Address_ZIP`) VALUES ('2', 'AhsanAalok', 'ahsanaalok224@gmail.com', 'author', '01711111111', 'Mirpur DOHS', 'Dhaka', '1216');
INSERT INTO `Members` (`UserID`, `Name`, `Email`, `MembershipType`, `PhoneNumber`, `Address_Street`, `Address_City`, `Address_ZIP`) VALUES ('3', 'Dunno', '@example.com', 'general', NULL, NULL, NULL, NULL);
INSERT INTO `Members` (`UserID`, `Name`, `Email`, `MembershipType`, `PhoneNumber`, `Address_Street`, `Address_City`, `Address_ZIP`) VALUES ('4', 'Cheking', 'cheking@example.com', 'Registered', NULL, NULL, NULL, NULL);
INSERT INTO `Members` (`UserID`, `Name`, `Email`, `MembershipType`, `PhoneNumber`, `Address_Street`, `Address_City`, `Address_ZIP`) VALUES ('5', 'Shams Akbar Aalok', 'shams.aalok@northsouth.edu', 'student', '01611806888', 'Mirpur DOHS', 'Dhaka', '1216');
INSERT INTO `Members` (`UserID`, `Name`, `Email`, `MembershipType`, `PhoneNumber`, `Address_Street`, `Address_City`, `Address_ZIP`) VALUES ('6', 'Rampal', 'rampal@example.com', 'Registered', NULL, NULL, NULL, NULL);
INSERT INTO `Members` (`UserID`, `Name`, `Email`, `MembershipType`, `PhoneNumber`, `Address_Street`, `Address_City`, `Address_ZIP`) VALUES ('7', 'DIMBY', 'dimby@gmail.com', 'author', '01311111111', 'Mirpur DOHS', 'Dhaka', '1216');
INSERT INTO `Members` (`UserID`, `Name`, `Email`, `MembershipType`, `PhoneNumber`, `Address_Street`, `Address_City`, `Address_ZIP`) VALUES ('8', 'Stan Lee', 'stan.lee@example.com', 'Registered', NULL, NULL, NULL, NULL);
INSERT INTO `Members` (`UserID`, `Name`, `Email`, `MembershipType`, `PhoneNumber`, `Address_Street`, `Address_City`, `Address_ZIP`) VALUES ('9', 'Rifa', 'rifa@example.com', 'Registered', NULL, NULL, NULL, NULL);
INSERT INTO `Members` (`UserID`, `Name`, `Email`, `MembershipType`, `PhoneNumber`, `Address_Street`, `Address_City`, `Address_ZIP`) VALUES ('10', 'Kurahami', 'kurahami@example.com', 'Registered', NULL, NULL, NULL, NULL);
INSERT INTO `Members` (`UserID`, `Name`, `Email`, `MembershipType`, `PhoneNumber`, `Address_Street`, `Address_City`, `Address_ZIP`) VALUES ('11', 'Tisha', 'tisha@gmail.com', 'librarian', '01111111111', 'Mirpur DOHS', 'Dhaka', '1216');
INSERT INTO `Members` (`UserID`, `Name`, `Email`, `MembershipType`, `PhoneNumber`, `Address_Street`, `Address_City`, `Address_ZIP`) VALUES ('13', 'Atiya', 'atiya@example.com', 'Registered', NULL, NULL, NULL, NULL);
INSERT INTO `Registered` (`UserID`, `RegistrationDate`) VALUES ('2', '2025-08-12');
INSERT INTO `Registered` (`UserID`, `RegistrationDate`) VALUES ('3', '2025-08-12');
INSERT INTO `Registered` (`UserID`, `RegistrationDate`) VALUES ('4', '2025-08-12');
INSERT INTO `Registered` (`UserID`, `RegistrationDate`) VALUES ('5', '2025-08-15');
INSERT INTO `Registered` (`UserID`, `RegistrationDate`) VALUES ('6', '2025-08-15');
INSERT INTO `Registered` (`UserID`, `RegistrationDate`) VALUES ('7', '2025-08-15');
INSERT INTO `Registered` (`UserID`, `RegistrationDate`) VALUES ('8', '2025-08-15');
INSERT INTO `Registered` (`UserID`, `RegistrationDate`) VALUES ('9', '2025-08-16');
INSERT INTO `Registered` (`UserID`, `RegistrationDate`) VALUES ('10', '2025-08-16');
INSERT INTO `Registered` (`UserID`, `RegistrationDate`) VALUES ('11', '2025-08-16');
INSERT INTO `Registered` (`UserID`, `RegistrationDate`) VALUES ('13', '2025-08-16');
INSERT INTO `Employee` (`UserID`, `EmployeeID`, `start_date`) VALUES ('1', 'E001', '2025-08-12');
INSERT INTO `Employee` (`UserID`, `EmployeeID`, `start_date`) VALUES ('11', 'LIB00011', '2025-08-16');
INSERT INTO `General` (`UserID`, `Occupation`) VALUES ('11', 'Unemployed');
INSERT INTO `Student` (`UserID`, `StudentID`, `Institution`) VALUES ('5', '2232201642', 'North South University');
INSERT INTO `Author` (`UserID`, `AuthorID`, `AuthorTitle`, `AuthorBio`) VALUES ('2', '1', 'Adult Fiction Writer', 'DepressedKid69');
INSERT INTO `Author` (`UserID`, `AuthorID`, `AuthorTitle`, `AuthorBio`) VALUES ('3', '2', NULL, NULL);
INSERT INTO `Author` (`UserID`, `AuthorID`, `AuthorTitle`, `AuthorBio`) VALUES ('4', '3', NULL, NULL);
INSERT INTO `Author` (`UserID`, `AuthorID`, `AuthorTitle`, `AuthorBio`) VALUES ('6', '4', NULL, NULL);
INSERT INTO `Author` (`UserID`, `AuthorID`, `AuthorTitle`, `AuthorBio`) VALUES ('7', '5', 'Adult Fiction Writer', 'Just a bitch');
INSERT INTO `Author` (`UserID`, `AuthorID`, `AuthorTitle`, `AuthorBio`) VALUES ('8', '6', NULL, NULL);
INSERT INTO `Author` (`UserID`, `AuthorID`, `AuthorTitle`, `AuthorBio`) VALUES ('9', '7', NULL, NULL);
INSERT INTO `Author` (`UserID`, `AuthorID`, `AuthorTitle`, `AuthorBio`) VALUES ('10', '8', NULL, NULL);
INSERT INTO `Author` (`UserID`, `AuthorID`, `AuthorTitle`, `AuthorBio`) VALUES ('13', '11', NULL, NULL);
INSERT INTO `Admin` (`UserID`, `AdminID`) VALUES ('1', 'AD001');
INSERT INTO `Librarian` (`UserID`, `LibrarianID`, `InChargeOf`) VALUES ('11', 'LIB00011', 'Text Books Floor: Psychology Section');
INSERT INTO `LoginCredentials` (`UserID`, `Email`, `PasswordHash`) VALUES ('1', 'admin@libginie.com', '$2y$10$66OsT/.Gf89ymqJyhuaYLekBEZeKel5515XKSSrv5w0yXif1emvjG');
INSERT INTO `LoginCredentials` (`UserID`, `Email`, `PasswordHash`) VALUES ('2', 'ahsanaalok224@gmail.com', '$2y$10$eH7I/ZvtJVhYjNm8dryVguAt54hd4Wiluyuu4F2dQ0/Ug/zGw/mEC');
INSERT INTO `LoginCredentials` (`UserID`, `Email`, `PasswordHash`) VALUES ('5', 'shams.aalok@northsouth.edu', '$2y$10$T0jRK.Gd8.lOF8N3MoKGGu.IbnM6IaDtrnHrYVKhAT123hnekCqJm');
INSERT INTO `LoginCredentials` (`UserID`, `Email`, `PasswordHash`) VALUES ('7', 'dimby@gmail.com', '$2y$10$nc6QuIETet31t8YV1/5c/OvsDkTofKUIWlLly/tmDylNtNj1fFljy');
INSERT INTO `LoginCredentials` (`UserID`, `Email`, `PasswordHash`) VALUES ('11', 'tisha@gmail.com', '$2y$10$P2fz1qnrhoWWbfvCeY/oqeg1t51GGnPcyZ3xhmN3FKq4ZWyd6zYgy');
INSERT INTO `Genres` (`GenreID`, `GenreName`) VALUES ('22', 'Action');
INSERT INTO `Genres` (`GenreID`, `GenreName`) VALUES ('17', 'Action and Adventure');
INSERT INTO `Genres` (`GenreID`, `GenreName`) VALUES ('2', 'Adult Fiction');
INSERT INTO `Genres` (`GenreID`, `GenreName`) VALUES ('10', 'Biography');
INSERT INTO `Genres` (`GenreID`, `GenreName`) VALUES ('13', 'Children\'s');
INSERT INTO `Genres` (`GenreID`, `GenreName`) VALUES ('21', 'Classic');
INSERT INTO `Genres` (`GenreID`, `GenreName`) VALUES ('1', 'Comedy');
INSERT INTO `Genres` (`GenreID`, `GenreName`) VALUES ('12', 'Cookbook');
INSERT INTO `Genres` (`GenreID`, `GenreName`) VALUES ('16', 'Drama');
INSERT INTO `Genres` (`GenreID`, `GenreName`) VALUES ('4', 'Fantasy');
INSERT INTO `Genres` (`GenreID`, `GenreName`) VALUES ('18', 'Graphic Novel');
INSERT INTO `Genres` (`GenreID`, `GenreName`) VALUES ('9', 'Historical Fiction');
INSERT INTO `Genres` (`GenreID`, `GenreName`) VALUES ('3', 'Horror');
INSERT INTO `Genres` (`GenreID`, `GenreName`) VALUES ('6', 'Mystery');
INSERT INTO `Genres` (`GenreID`, `GenreName`) VALUES ('15', 'Poetry');
INSERT INTO `Genres` (`GenreID`, `GenreName`) VALUES ('8', 'Romance');
INSERT INTO `Genres` (`GenreID`, `GenreName`) VALUES ('5', 'Science Fiction');
INSERT INTO `Genres` (`GenreID`, `GenreName`) VALUES ('11', 'Self-Help');
INSERT INTO `Genres` (`GenreID`, `GenreName`) VALUES ('19', 'Superhero');
INSERT INTO `Genres` (`GenreID`, `GenreName`) VALUES ('7', 'Thriller');
INSERT INTO `Genres` (`GenreID`, `GenreName`) VALUES ('20', 'Tragedy');
INSERT INTO `Genres` (`GenreID`, `GenreName`) VALUES ('14', 'Young Adult');
INSERT INTO `Books` (`ISBN`, `AuthorID`, `SectionID`, `Title`, `Category`, `Publisher`, `PublishedYear`, `Description`, `CoverPicture`) VALUES ('ISBN10000', '8', '15', 'Tokyo Kushu', 'Comics', 'JAPPUY', '2018', 'TOKYO WARR', 'https://res.cloudinary.com/dde5qpyti/image/upload/v1755347979/book_covers/vzoyrjyo1pyahjuqxq2n.jpg');
INSERT INTO `Books` (`ISBN`, `AuthorID`, `SectionID`, `Title`, `Category`, `Publisher`, `PublishedYear`, `Description`, `CoverPicture`) VALUES ('ISBN1012', '1', '10', 'HeheHihi', 'Text Books', 'Shams', '2019', 'IdkUYet', 'https://res.cloudinary.com/dde5qpyti/image/upload/v1754779279/book_covers/l8dhwbampnt5aphmcj7n.jpg');
INSERT INTO `Books` (`ISBN`, `AuthorID`, `SectionID`, `Title`, `Category`, `Publisher`, `PublishedYear`, `Description`, `CoverPicture`) VALUES ('ISBN1029', '5', '12', 'Rifanu', 'Novels', 'Shams', '2019', 'Just a random story', 'https://res.cloudinary.com/dde5qpyti/image/upload/v1755296626/book_covers/ds37f0cp8nkiofwroqqt.jpg');
INSERT INTO `Books` (`ISBN`, `AuthorID`, `SectionID`, `Title`, `Category`, `Publisher`, `PublishedYear`, `Description`, `CoverPicture`) VALUES ('ISBN1030', '5', '6', 'Twisted Hate', 'Novels', 'Shams', '2019', 'JUST ANOTHER FUCKED UP STORY', 'https://res.cloudinary.com/dde5qpyti/image/upload/v1754849503/book_covers/eyjmo0gaxd0qirng3hot.png');
INSERT INTO `Books` (`ISBN`, `AuthorID`, `SectionID`, `Title`, `Category`, `Publisher`, `PublishedYear`, `Description`, `CoverPicture`) VALUES ('ISBN1035', '1', '12', 'IDK', 'Text Books', 'Shams', '2010', 'IDK', 'https://res.cloudinary.com/dde5qpyti/image/upload/v1755296709/book_covers/jeg3j7joducleplznkcv.jpg');
INSERT INTO `Books` (`ISBN`, `AuthorID`, `SectionID`, `Title`, `Category`, `Publisher`, `PublishedYear`, `Description`, `CoverPicture`) VALUES ('ISBN1037', '1', '12', 'Idunno', 'Text Books', 'Grameen', '2010', 'FUN!', 'https://res.cloudinary.com/dde5qpyti/image/upload/v1755339757/book_covers/xose68fep7bf7koxk1fc.jpg');
INSERT INTO `Books` (`ISBN`, `AuthorID`, `SectionID`, `Title`, `Category`, `Publisher`, `PublishedYear`, `Description`, `CoverPicture`) VALUES ('ISBN1039', '5', '10', 'I DO NOT KNOW', 'Novels', 'Shams', '1998', 'LETS SEE', 'https://res.cloudinary.com/dde5qpyti/image/upload/v1755224382/book_covers/qcqfzy8ct2nezsn5ty00.webp');
INSERT INTO `Books` (`ISBN`, `AuthorID`, `SectionID`, `Title`, `Category`, `Publisher`, `PublishedYear`, `Description`, `CoverPicture`) VALUES ('ISBN1041', '6', '1', 'Regular Days', 'Comics', 'Grameen', '2001', 'Just a regular Hero story', 'https://res.cloudinary.com/dde5qpyti/image/upload/v1755339776/book_covers/jwkxc8zkm7i2vuurhlgf.jpg');
INSERT INTO `Books` (`ISBN`, `AuthorID`, `SectionID`, `Title`, `Category`, `Publisher`, `PublishedYear`, `Description`, `CoverPicture`) VALUES ('ISBN1044', '5', '10', 'DOMBO', 'Comics', 'Grameen', '2019', 'zdfvgjhszdkjhfgbaskjhdlf', 'https://res.cloudinary.com/dde5qpyti/image/upload/v1755299613/book_covers/agzbryn7fjeaio1lq1av.jpg');
INSERT INTO `Books` (`ISBN`, `AuthorID`, `SectionID`, `Title`, `Category`, `Publisher`, `PublishedYear`, `Description`, `CoverPicture`) VALUES ('ISBN1089', '5', '10', 'I WANNA KNOW', 'Novels', 'Shams', '2019', 'DUNNO', 'https://res.cloudinary.com/dde5qpyti/image/upload/v1755224713/book_covers/m814xvja4akgscgthqbz.jpg');
INSERT INTO `Books` (`ISBN`, `AuthorID`, `SectionID`, `Title`, `Category`, `Publisher`, `PublishedYear`, `Description`, `CoverPicture`) VALUES ('ISBN1095', '11', '17', 'Janina', 'Text Books', 'Shams', '2025', 'Janina ami kisu', 'https://res.cloudinary.com/dde5qpyti/image/upload/v1755364570/book_covers/udouu4aehbqffeps8zxc.jpg');
INSERT INTO `Books` (`ISBN`, `AuthorID`, `SectionID`, `Title`, `Category`, `Publisher`, `PublishedYear`, `Description`, `CoverPicture`) VALUES ('ISBN1099', '4', '10', 'I Do', 'Novels', 'Shams', '2019', 'Just another novel', 'https://res.cloudinary.com/dde5qpyti/image/upload/v1755224007/book_covers/qumumfxdcnbdvgriyjmx.png');
INSERT INTO `Books` (`ISBN`, `AuthorID`, `SectionID`, `Title`, `Category`, `Publisher`, `PublishedYear`, `Description`, `CoverPicture`) VALUES ('ISBN2012', '3', '12', 'BiBiBaBa', 'Magazines', 'Grameen', '2015', 'Cars nand Cards', 'https://res.cloudinary.com/dde5qpyti/image/upload/v1754848915/book_covers/j0yjwlfhzdbpucxnje97.jpg');
INSERT INTO `Books` (`ISBN`, `AuthorID`, `SectionID`, `Title`, `Category`, `Publisher`, `PublishedYear`, `Description`, `CoverPicture`) VALUES ('ISBN2015', '6', '13', 'Marvel\'s EndBong', 'Comics', 'Marvel', '1990', 'Engbong is the strongest cat that will ruin marvel', 'https://res.cloudinary.com/dde5qpyti/image/upload/v1754849451/book_covers/mva6tnvrcoyhcr4oxx29.jpg');
INSERT INTO `Books` (`ISBN`, `AuthorID`, `SectionID`, `Title`, `Category`, `Publisher`, `PublishedYear`, `Description`, `CoverPicture`) VALUES ('ISBN2017', '5', '7', 'OKii', 'Magazines', 'Shams', '2029', NULL, 'https://res.cloudinary.com/dde5qpyti/image/upload/v1754951305/book_covers/dsgakjjti6nf4lmkpfkc.jpg');
INSERT INTO `Books` (`ISBN`, `AuthorID`, `SectionID`, `Title`, `Category`, `Publisher`, `PublishedYear`, `Description`, `CoverPicture`) VALUES ('ISBN20171', '7', '15', 'Just Another Teen Story', 'Novels', 'Shams', '2024', 'Just another teen romcom', 'https://res.cloudinary.com/dde5qpyti/image/upload/v1755340410/book_covers/yjtvsegearknjfkz1cni.jpg');
INSERT INTO `Books` (`ISBN`, `AuthorID`, `SectionID`, `Title`, `Category`, `Publisher`, `PublishedYear`, `Description`, `CoverPicture`) VALUES ('ISBN2992', '1', '15', 'RifaMoni', 'Novels', 'Shams', '2025', 'Just a little baby being naughty :P', 'https://res.cloudinary.com/dde5qpyti/image/upload/v1755300125/book_covers/tb7bzattk3jm2feffplk.jpg');
INSERT INTO `TextBook` (`ISBN`, `Editions`, `Subject`) VALUES ('ISBN1012', '12', 'MATHS');
INSERT INTO `TextBook` (`ISBN`, `Editions`, `Subject`) VALUES ('ISBN1035', NULL, NULL);
INSERT INTO `TextBook` (`ISBN`, `Editions`, `Subject`) VALUES ('ISBN1037', '12', 'MATHS');
INSERT INTO `TextBook` (`ISBN`, `Editions`, `Subject`) VALUES ('ISBN1095', '2', 'Psychology');
INSERT INTO `Comics` (`ISBN`, `Artist`, `Studio`) VALUES ('ISBN10000', 'Murama', 'Mappa');
INSERT INTO `Comics` (`ISBN`, `Artist`, `Studio`) VALUES ('ISBN1041', 'Stanny', 'Marvel');
INSERT INTO `Comics` (`ISBN`, `Artist`, `Studio`) VALUES ('ISBN1044', 'STUI', 'MAPPA');
INSERT INTO `Comics` (`ISBN`, `Artist`, `Studio`) VALUES ('ISBN2015', NULL, NULL);
INSERT INTO `Novels` (`ISBN`, `Narration`) VALUES ('ISBN1029', 'First Person');
INSERT INTO `Novels` (`ISBN`, `Narration`) VALUES ('ISBN1030', 'First Person');
INSERT INTO `Novels` (`ISBN`, `Narration`) VALUES ('ISBN1039', 'First Person');
INSERT INTO `Novels` (`ISBN`, `Narration`) VALUES ('ISBN1089', 'Second Person');
INSERT INTO `Novels` (`ISBN`, `Narration`) VALUES ('ISBN1099', NULL);
INSERT INTO `Novels` (`ISBN`, `Narration`) VALUES ('ISBN20171', 'Second Person');
INSERT INTO `Novels` (`ISBN`, `Narration`) VALUES ('ISBN2992', 'First Person');
INSERT INTO `Magazines` (`ISBN`, `Timeline`) VALUES ('ISBN2012', NULL);
INSERT INTO `Magazines` (`ISBN`, `Timeline`) VALUES ('ISBN2017', NULL);
INSERT INTO `Book_Genres` (`ISBN`, `GenreID`) VALUES ('ISBN1095', '1');
INSERT INTO `Book_Genres` (`ISBN`, `GenreID`) VALUES ('ISBN1099', '1');
INSERT INTO `Book_Genres` (`ISBN`, `GenreID`) VALUES ('ISBN20171', '1');
INSERT INTO `Book_Genres` (`ISBN`, `GenreID`) VALUES ('ISBN1029', '2');
INSERT INTO `Book_Genres` (`ISBN`, `GenreID`) VALUES ('ISBN1030', '2');
INSERT INTO `Book_Genres` (`ISBN`, `GenreID`) VALUES ('ISBN2012', '2');
INSERT INTO `Book_Genres` (`ISBN`, `GenreID`) VALUES ('ISBN2992', '2');
INSERT INTO `Book_Genres` (`ISBN`, `GenreID`) VALUES ('ISBN1012', '3');
INSERT INTO `Book_Genres` (`ISBN`, `GenreID`) VALUES ('ISBN1035', '3');
INSERT INTO `Book_Genres` (`ISBN`, `GenreID`) VALUES ('ISBN1037', '3');
INSERT INTO `Book_Genres` (`ISBN`, `GenreID`) VALUES ('ISBN1039', '3');
INSERT INTO `Book_Genres` (`ISBN`, `GenreID`) VALUES ('ISBN1044', '3');
INSERT INTO `Book_Genres` (`ISBN`, `GenreID`) VALUES ('ISBN1089', '3');
INSERT INTO `Book_Genres` (`ISBN`, `GenreID`) VALUES ('ISBN2015', '3');
INSERT INTO `Book_Genres` (`ISBN`, `GenreID`) VALUES ('ISBN2017', '5');
INSERT INTO `Book_Genres` (`ISBN`, `GenreID`) VALUES ('ISBN20171', '8');
INSERT INTO `Book_Genres` (`ISBN`, `GenreID`) VALUES ('ISBN10000', '22');
INSERT INTO `Book_Genres` (`ISBN`, `GenreID`) VALUES ('ISBN1041', '22');
INSERT INTO `BookCopy` (`CopyID`, `ISBN`, `Status`) VALUES ('3', 'ISBN1089', 'Reserved');
INSERT INTO `BookCopy` (`CopyID`, `ISBN`, `Status`) VALUES ('4', 'ISBN1089', 'Available');
INSERT INTO `BookCopy` (`CopyID`, `ISBN`, `Status`) VALUES ('5', 'ISBN1089', 'Available');
INSERT INTO `BookCopy` (`CopyID`, `ISBN`, `Status`) VALUES ('6', 'ISBN1089', 'Available');
INSERT INTO `BookCopy` (`CopyID`, `ISBN`, `Status`) VALUES ('7', 'ISBN1012', 'Available');
INSERT INTO `BookCopy` (`CopyID`, `ISBN`, `Status`) VALUES ('8', 'ISBN1012', 'Available');
INSERT INTO `BookCopy` (`CopyID`, `ISBN`, `Status`) VALUES ('9', 'ISBN1012', 'Available');
INSERT INTO `BookCopy` (`CopyID`, `ISBN`, `Status`) VALUES ('10', 'ISBN2012', 'Borrowed');
INSERT INTO `BookCopy` (`CopyID`, `ISBN`, `Status`) VALUES ('11', 'ISBN2012', 'Maintenance');
INSERT INTO `BookCopy` (`CopyID`, `ISBN`, `Status`) VALUES ('12', 'ISBN2012', 'Available');
INSERT INTO `BookCopy` (`CopyID`, `ISBN`, `Status`) VALUES ('13', 'ISBN2012', 'Available');
INSERT INTO `BookCopy` (`CopyID`, `ISBN`, `Status`) VALUES ('14', 'ISBN2012', 'Available');
INSERT INTO `BookCopy` (`CopyID`, `ISBN`, `Status`) VALUES ('15', 'ISBN2012', 'Available');
INSERT INTO `BookCopy` (`CopyID`, `ISBN`, `Status`) VALUES ('16', 'ISBN1029', 'Available');
INSERT INTO `BookCopy` (`CopyID`, `ISBN`, `Status`) VALUES ('17', 'ISBN1029', 'Available');
INSERT INTO `BookCopy` (`CopyID`, `ISBN`, `Status`) VALUES ('18', 'ISBN1029', 'Available');
INSERT INTO `BookCopy` (`CopyID`, `ISBN`, `Status`) VALUES ('19', 'ISBN1029', 'Available');
INSERT INTO `BookCopy` (`CopyID`, `ISBN`, `Status`) VALUES ('20', 'ISBN1035', 'Available');
INSERT INTO `BookCopy` (`CopyID`, `ISBN`, `Status`) VALUES ('21', 'ISBN1035', 'Available');
INSERT INTO `BookCopy` (`CopyID`, `ISBN`, `Status`) VALUES ('22', 'ISBN1035', 'Available');
INSERT INTO `BookCopy` (`CopyID`, `ISBN`, `Status`) VALUES ('23', 'ISBN1035', 'Available');
INSERT INTO `BookCopy` (`CopyID`, `ISBN`, `Status`) VALUES ('24', 'ISBN1012', 'Available');
INSERT INTO `BookCopy` (`CopyID`, `ISBN`, `Status`) VALUES ('25', 'ISBN1029', 'Available');
INSERT INTO `BookCopy` (`CopyID`, `ISBN`, `Status`) VALUES ('26', 'ISBN1029', 'Available');
INSERT INTO `BookCopy` (`CopyID`, `ISBN`, `Status`) VALUES ('27', 'ISBN1029', 'Available');
INSERT INTO `BookCopy` (`CopyID`, `ISBN`, `Status`) VALUES ('28', 'ISBN1044', 'Available');
INSERT INTO `BookCopy` (`CopyID`, `ISBN`, `Status`) VALUES ('29', 'ISBN1044', 'Available');
INSERT INTO `BookCopy` (`CopyID`, `ISBN`, `Status`) VALUES ('30', 'ISBN1044', 'Available');
INSERT INTO `BookCopy` (`CopyID`, `ISBN`, `Status`) VALUES ('31', 'ISBN1044', 'Available');
INSERT INTO `BookCopy` (`CopyID`, `ISBN`, `Status`) VALUES ('32', 'ISBN1044', 'Available');
INSERT INTO `BookCopy` (`CopyID`, `ISBN`, `Status`) VALUES ('33', 'ISBN1030', 'Available');
INSERT INTO `BookCopy` (`CopyID`, `ISBN`, `Status`) VALUES ('34', 'ISBN1030', 'Available');
INSERT INTO `BookCopy` (`CopyID`, `ISBN`, `Status`) VALUES ('35', 'ISBN1030', 'Available');
INSERT INTO `BookCopy` (`CopyID`, `ISBN`, `Status`) VALUES ('36', 'ISBN1030', 'Available');
INSERT INTO `BookCopy` (`CopyID`, `ISBN`, `Status`) VALUES ('37', 'ISBN1030', 'Available');
INSERT INTO `BookCopy` (`CopyID`, `ISBN`, `Status`) VALUES ('38', 'ISBN2992', 'Available');
INSERT INTO `BookCopy` (`CopyID`, `ISBN`, `Status`) VALUES ('39', 'ISBN2992', 'Available');
INSERT INTO `BookCopy` (`CopyID`, `ISBN`, `Status`) VALUES ('40', 'ISBN2992', 'Available');
INSERT INTO `BookCopy` (`CopyID`, `ISBN`, `Status`) VALUES ('49', 'ISBN1037', 'Available');
INSERT INTO `BookCopy` (`CopyID`, `ISBN`, `Status`) VALUES ('50', 'ISBN1037', 'Available');
INSERT INTO `BookCopy` (`CopyID`, `ISBN`, `Status`) VALUES ('51', 'ISBN1037', 'Available');
INSERT INTO `BookCopy` (`CopyID`, `ISBN`, `Status`) VALUES ('52', 'ISBN1041', 'Available');
INSERT INTO `BookCopy` (`CopyID`, `ISBN`, `Status`) VALUES ('53', 'ISBN1041', 'Available');
INSERT INTO `BookCopy` (`CopyID`, `ISBN`, `Status`) VALUES ('54', 'ISBN1041', 'Available');
INSERT INTO `BookCopy` (`CopyID`, `ISBN`, `Status`) VALUES ('55', 'ISBN20171', 'Available');
INSERT INTO `BookCopy` (`CopyID`, `ISBN`, `Status`) VALUES ('56', 'ISBN20171', 'Available');
INSERT INTO `BookCopy` (`CopyID`, `ISBN`, `Status`) VALUES ('57', 'ISBN20171', 'Available');
INSERT INTO `BookCopy` (`CopyID`, `ISBN`, `Status`) VALUES ('58', 'ISBN20171', 'Available');
INSERT INTO `BookCopy` (`CopyID`, `ISBN`, `Status`) VALUES ('59', 'ISBN10000', 'Available');
INSERT INTO `BookCopy` (`CopyID`, `ISBN`, `Status`) VALUES ('60', 'ISBN10000', 'Available');
INSERT INTO `BookCopy` (`CopyID`, `ISBN`, `Status`) VALUES ('61', 'ISBN10000', 'Available');
INSERT INTO `BookCopy` (`CopyID`, `ISBN`, `Status`) VALUES ('62', 'ISBN10000', 'Available');
INSERT INTO `BookCopy` (`CopyID`, `ISBN`, `Status`) VALUES ('63', 'ISBN1039', 'Available');
INSERT INTO `BookCopy` (`CopyID`, `ISBN`, `Status`) VALUES ('64', 'ISBN1039', 'Available');
INSERT INTO `BookCopy` (`CopyID`, `ISBN`, `Status`) VALUES ('65', 'ISBN1039', 'Available');
INSERT INTO `BookCopy` (`CopyID`, `ISBN`, `Status`) VALUES ('66', 'ISBN1039', 'Available');
INSERT INTO `BookCopy` (`CopyID`, `ISBN`, `Status`) VALUES ('67', 'ISBN1039', 'Available');
INSERT INTO `BookCopy` (`CopyID`, `ISBN`, `Status`) VALUES ('68', 'ISBN1095', 'Available');
INSERT INTO `BookCopy` (`CopyID`, `ISBN`, `Status`) VALUES ('69', 'ISBN1095', 'Available');
INSERT INTO `BookCopy` (`CopyID`, `ISBN`, `Status`) VALUES ('70', 'ISBN1095', 'Available');
INSERT INTO `BookReviews` (`ReviewID`, `ISBN`, `UserID`, `Rating`, `ReviewText`, `ReviewTime`) VALUES ('1', 'ISBN2012', '1', '4', 'sadojhkfvj', '2025-08-15 10:44:01');
INSERT INTO `BookReviews` (`ReviewID`, `ISBN`, `UserID`, `Rating`, `ReviewText`, `ReviewTime`) VALUES ('2', 'ISBN2012', '5', '5', 'Cool', '2025-08-15 06:56:07');
INSERT INTO `BookReviews` (`ReviewID`, `ISBN`, `UserID`, `Rating`, `ReviewText`, `ReviewTime`) VALUES ('3', 'ISBN1012', '1', '4', 'Excellent! ', '2025-08-15 19:13:56');
INSERT INTO `BookReviews` (`ReviewID`, `ISBN`, `UserID`, `Rating`, `ReviewText`, `ReviewTime`) VALUES ('4', 'ISBN1029', '1', '5', 'AMAZING!', '2025-08-16 05:18:00');
INSERT INTO `BookReviews` (`ReviewID`, `ISBN`, `UserID`, `Rating`, `ReviewText`, `ReviewTime`) VALUES ('5', 'ISBN1044', '1', '4', 'Aweseome', '2025-08-16 17:41:04');
INSERT INTO `BookReviews` (`ReviewID`, `ISBN`, `UserID`, `Rating`, `ReviewText`, `ReviewTime`) VALUES ('6', 'ISBN2992', '7', '5', 'TOO GOOD', '2025-08-16 22:09:14');
INSERT INTO `BookInteractions` (`InteractionID`, `UserID`, `ISBN`, `IsFavorite`, `InWishlist`, `IsRead`, `LastViewed`) VALUES ('1', '1', 'ISBN1012', '0', '0', '1', '2025-08-17 01:20:44');
INSERT INTO `BookInteractions` (`InteractionID`, `UserID`, `ISBN`, `IsFavorite`, `InWishlist`, `IsRead`, `LastViewed`) VALUES ('2', '1', 'ISBN2012', '1', '0', '1', '2025-08-16 18:12:32');
INSERT INTO `BookInteractions` (`InteractionID`, `UserID`, `ISBN`, `IsFavorite`, `InWishlist`, `IsRead`, `LastViewed`) VALUES ('3', '1', 'ISBN2015', '0', '0', '0', '2025-08-15 23:04:43');
INSERT INTO `BookInteractions` (`InteractionID`, `UserID`, `ISBN`, `IsFavorite`, `InWishlist`, `IsRead`, `LastViewed`) VALUES ('4', '1', 'ISBN1030', '0', '0', '0', '2025-08-16 05:11:43');
INSERT INTO `BookInteractions` (`InteractionID`, `UserID`, `ISBN`, `IsFavorite`, `InWishlist`, `IsRead`, `LastViewed`) VALUES ('5', '1', 'ISBN2017', '0', '0', '0', '2025-08-17 01:20:40');
INSERT INTO `BookInteractions` (`InteractionID`, `UserID`, `ISBN`, `IsFavorite`, `InWishlist`, `IsRead`, `LastViewed`) VALUES ('95', '5', 'ISBN2012', '0', '0', '1', '2025-08-16 01:14:27');
INSERT INTO `BookInteractions` (`InteractionID`, `UserID`, `ISBN`, `IsFavorite`, `InWishlist`, `IsRead`, `LastViewed`) VALUES ('103', '5', 'ISBN1012', '0', '0', '0', '2025-08-16 22:23:39');
INSERT INTO `BookInteractions` (`InteractionID`, `UserID`, `ISBN`, `IsFavorite`, `InWishlist`, `IsRead`, `LastViewed`) VALUES ('110', '1', 'ISBN1099', '0', '0', '0', '2025-08-16 00:06:58');
INSERT INTO `BookInteractions` (`InteractionID`, `UserID`, `ISBN`, `IsFavorite`, `InWishlist`, `IsRead`, `LastViewed`) VALUES ('216', '1', 'ISBN1089', '0', '0', '0', '2025-08-15 20:44:30');
INSERT INTO `BookInteractions` (`InteractionID`, `UserID`, `ISBN`, `IsFavorite`, `InWishlist`, `IsRead`, `LastViewed`) VALUES ('222', '1', 'ISBN1039', '0', '0', '0', '2025-08-15 20:19:51');
INSERT INTO `BookInteractions` (`InteractionID`, `UserID`, `ISBN`, `IsFavorite`, `InWishlist`, `IsRead`, `LastViewed`) VALUES ('243', '5', 'ISBN1030', '0', '1', '0', '2025-08-16 22:16:46');
INSERT INTO `BookInteractions` (`InteractionID`, `UserID`, `ISBN`, `IsFavorite`, `InWishlist`, `IsRead`, `LastViewed`) VALUES ('248', '1', 'ISBN1029', '0', '1', '0', '2025-08-16 23:10:16');
INSERT INTO `BookInteractions` (`InteractionID`, `UserID`, `ISBN`, `IsFavorite`, `InWishlist`, `IsRead`, `LastViewed`) VALUES ('255', '1', 'ISBN1044', '0', '0', '0', '2025-08-16 17:41:05');
INSERT INTO `BookInteractions` (`InteractionID`, `UserID`, `ISBN`, `IsFavorite`, `InWishlist`, `IsRead`, `LastViewed`) VALUES ('259', '1', 'ISBN20171', '0', '0', '1', '2025-08-17 01:20:02');
INSERT INTO `BookInteractions` (`InteractionID`, `UserID`, `ISBN`, `IsFavorite`, `InWishlist`, `IsRead`, `LastViewed`) VALUES ('265', '1', 'ISBN2992', '0', '0', '1', '2025-08-17 01:20:08');
INSERT INTO `BookInteractions` (`InteractionID`, `UserID`, `ISBN`, `IsFavorite`, `InWishlist`, `IsRead`, `LastViewed`) VALUES ('267', '1', 'ISBN1037', '0', '0', '0', '2025-08-16 16:45:18');
INSERT INTO `BookInteractions` (`InteractionID`, `UserID`, `ISBN`, `IsFavorite`, `InWishlist`, `IsRead`, `LastViewed`) VALUES ('295', '10', 'ISBN1089', '0', '0', '0', '2025-08-16 19:36:54');
INSERT INTO `BookInteractions` (`InteractionID`, `UserID`, `ISBN`, `IsFavorite`, `InWishlist`, `IsRead`, `LastViewed`) VALUES ('296', '10', 'ISBN10000', '0', '0', '0', '2025-08-16 19:37:02');
INSERT INTO `BookInteractions` (`InteractionID`, `UserID`, `ISBN`, `IsFavorite`, `InWishlist`, `IsRead`, `LastViewed`) VALUES ('299', '5', 'ISBN20171', '0', '0', '0', '2025-08-16 20:01:37');
INSERT INTO `BookInteractions` (`InteractionID`, `UserID`, `ISBN`, `IsFavorite`, `InWishlist`, `IsRead`, `LastViewed`) VALUES ('300', '5', 'ISBN1089', '0', '0', '0', '2025-08-16 20:43:18');
INSERT INTO `BookInteractions` (`InteractionID`, `UserID`, `ISBN`, `IsFavorite`, `InWishlist`, `IsRead`, `LastViewed`) VALUES ('302', '5', 'ISBN1037', '0', '0', '0', '2025-08-16 22:16:53');
INSERT INTO `BookInteractions` (`InteractionID`, `UserID`, `ISBN`, `IsFavorite`, `InWishlist`, `IsRead`, `LastViewed`) VALUES ('308', '2', 'ISBN1012', '0', '0', '0', '2025-08-16 21:07:29');
INSERT INTO `BookInteractions` (`InteractionID`, `UserID`, `ISBN`, `IsFavorite`, `InWishlist`, `IsRead`, `LastViewed`) VALUES ('309', '2', 'ISBN1037', '0', '0', '0', '2025-08-16 21:07:31');
INSERT INTO `BookInteractions` (`InteractionID`, `UserID`, `ISBN`, `IsFavorite`, `InWishlist`, `IsRead`, `LastViewed`) VALUES ('310', '2', 'ISBN2992', '0', '0', '0', '2025-08-16 21:07:41');
INSERT INTO `BookInteractions` (`InteractionID`, `UserID`, `ISBN`, `IsFavorite`, `InWishlist`, `IsRead`, `LastViewed`) VALUES ('312', '2', 'ISBN1030', '0', '0', '0', '2025-08-16 22:07:36');
INSERT INTO `BookInteractions` (`InteractionID`, `UserID`, `ISBN`, `IsFavorite`, `InWishlist`, `IsRead`, `LastViewed`) VALUES ('313', '7', 'ISBN1044', '0', '0', '0', '2025-08-16 22:08:39');
INSERT INTO `BookInteractions` (`InteractionID`, `UserID`, `ISBN`, `IsFavorite`, `InWishlist`, `IsRead`, `LastViewed`) VALUES ('314', '7', 'ISBN2992', '1', '0', '0', '2025-08-16 22:09:15');
INSERT INTO `BookInteractions` (`InteractionID`, `UserID`, `ISBN`, `IsFavorite`, `InWishlist`, `IsRead`, `LastViewed`) VALUES ('316', '7', 'ISBN20171', '0', '0', '1', '2025-08-16 22:08:55');
INSERT INTO `BookInteractions` (`InteractionID`, `UserID`, `ISBN`, `IsFavorite`, `InWishlist`, `IsRead`, `LastViewed`) VALUES ('320', '5', 'ISBN2992', '0', '0', '0', '2025-08-16 22:09:26');
INSERT INTO `BookInteractions` (`InteractionID`, `UserID`, `ISBN`, `IsFavorite`, `InWishlist`, `IsRead`, `LastViewed`) VALUES ('325', '5', 'ISBN1044', '1', '0', '0', '2025-08-16 22:19:21');
INSERT INTO `BookInteractions` (`InteractionID`, `UserID`, `ISBN`, `IsFavorite`, `InWishlist`, `IsRead`, `LastViewed`) VALUES ('354', '11', 'ISBN1044', '0', '0', '0', '2025-08-16 23:38:25');
INSERT INTO `Reservation` (`ResID`, `UserID`, `CopyID`, `ReservationDate`) VALUES ('30', '5', '3', '2025-08-16');
INSERT INTO `Borrow` (`BorrowID`, `UserID`, `CopyID`, `Borrow_Date`, `Due_Date`, `Return_Date`) VALUES ('1', '1', '10', '2025-08-15', '2025-08-29', '2025-08-15');
INSERT INTO `Borrow` (`BorrowID`, `UserID`, `CopyID`, `Borrow_Date`, `Due_Date`, `Return_Date`) VALUES ('2', '1', '10', '2025-08-15', '2025-08-29', '2025-08-15');
INSERT INTO `Borrow` (`BorrowID`, `UserID`, `CopyID`, `Borrow_Date`, `Due_Date`, `Return_Date`) VALUES ('3', '1', '10', '2025-08-15', '2025-08-29', '2025-08-15');
INSERT INTO `Borrow` (`BorrowID`, `UserID`, `CopyID`, `Borrow_Date`, `Due_Date`, `Return_Date`) VALUES ('4', '1', '7', '2025-08-15', '2025-08-29', '2025-08-15');
INSERT INTO `Borrow` (`BorrowID`, `UserID`, `CopyID`, `Borrow_Date`, `Due_Date`, `Return_Date`) VALUES ('5', '1', '7', '2025-08-15', '2025-08-29', '2025-08-15');
INSERT INTO `Borrow` (`BorrowID`, `UserID`, `CopyID`, `Borrow_Date`, `Due_Date`, `Return_Date`) VALUES ('6', '1', '11', '2025-08-15', '2025-08-29', '2025-08-15');
INSERT INTO `Borrow` (`BorrowID`, `UserID`, `CopyID`, `Borrow_Date`, `Due_Date`, `Return_Date`) VALUES ('7', '1', '12', '2025-08-15', '2025-08-29', '2025-08-15');
INSERT INTO `Borrow` (`BorrowID`, `UserID`, `CopyID`, `Borrow_Date`, `Due_Date`, `Return_Date`) VALUES ('8', '1', '13', '2025-08-15', '2025-08-29', '2025-08-15');
INSERT INTO `Borrow` (`BorrowID`, `UserID`, `CopyID`, `Borrow_Date`, `Due_Date`, `Return_Date`) VALUES ('9', '1', '10', '2025-08-15', '2025-08-29', '2025-08-15');
INSERT INTO `Borrow` (`BorrowID`, `UserID`, `CopyID`, `Borrow_Date`, `Due_Date`, `Return_Date`) VALUES ('10', '1', '11', '2025-08-15', '2025-08-29', '2025-08-15');
INSERT INTO `Borrow` (`BorrowID`, `UserID`, `CopyID`, `Borrow_Date`, `Due_Date`, `Return_Date`) VALUES ('11', '1', '14', '2025-08-15', '2025-08-29', '2025-08-15');
INSERT INTO `Borrow` (`BorrowID`, `UserID`, `CopyID`, `Borrow_Date`, `Due_Date`, `Return_Date`) VALUES ('12', '1', '15', '2025-08-15', '2025-08-29', '2025-08-15');
INSERT INTO `Borrow` (`BorrowID`, `UserID`, `CopyID`, `Borrow_Date`, `Due_Date`, `Return_Date`) VALUES ('13', '1', '7', '2025-08-15', '2025-08-29', '2025-08-15');
INSERT INTO `Borrow` (`BorrowID`, `UserID`, `CopyID`, `Borrow_Date`, `Due_Date`, `Return_Date`) VALUES ('14', '5', '10', '2025-08-16', '2025-08-29', NULL);
INSERT INTO `Borrow` (`BorrowID`, `UserID`, `CopyID`, `Borrow_Date`, `Due_Date`, `Return_Date`) VALUES ('15', '1', '17', '2025-08-16', '2025-08-30', '2025-08-16');
INSERT INTO `Borrow` (`BorrowID`, `UserID`, `CopyID`, `Borrow_Date`, `Due_Date`, `Return_Date`) VALUES ('16', '1', '8', '2025-08-16', '2025-08-30', '2025-08-16');
INSERT INTO `Borrow` (`BorrowID`, `UserID`, `CopyID`, `Borrow_Date`, `Due_Date`, `Return_Date`) VALUES ('17', '1', '16', '2025-08-16', '2025-08-30', '2025-08-16');
INSERT INTO `Borrow` (`BorrowID`, `UserID`, `CopyID`, `Borrow_Date`, `Due_Date`, `Return_Date`) VALUES ('18', '1', '49', '2025-08-16', '2025-08-30', '2025-08-16');
INSERT INTO `Borrow` (`BorrowID`, `UserID`, `CopyID`, `Borrow_Date`, `Due_Date`, `Return_Date`) VALUES ('19', '1', '16', '2025-08-16', '2025-08-30', '2025-08-16');
INSERT INTO `Borrow` (`BorrowID`, `UserID`, `CopyID`, `Borrow_Date`, `Due_Date`, `Return_Date`) VALUES ('20', '1', '11', '2025-08-16', '2025-08-30', '2025-08-16');
INSERT INTO `Borrow` (`BorrowID`, `UserID`, `CopyID`, `Borrow_Date`, `Due_Date`, `Return_Date`) VALUES ('21', '1', '49', '2025-08-16', '2025-08-30', '2025-08-16');
INSERT INTO `Borrow` (`BorrowID`, `UserID`, `CopyID`, `Borrow_Date`, `Due_Date`, `Return_Date`) VALUES ('22', '1', '11', '2025-08-16', '2025-08-30', '2025-08-16');
INSERT INTO `Borrow` (`BorrowID`, `UserID`, `CopyID`, `Borrow_Date`, `Due_Date`, `Return_Date`) VALUES ('23', '1', '11', '2025-08-16', '2025-08-30', '2025-08-16');
INSERT INTO `Borrow` (`BorrowID`, `UserID`, `CopyID`, `Borrow_Date`, `Due_Date`, `Return_Date`) VALUES ('24', '1', '55', '2025-08-16', '2025-08-30', '2025-08-16');
INSERT INTO `Borrow` (`BorrowID`, `UserID`, `CopyID`, `Borrow_Date`, `Due_Date`, `Return_Date`) VALUES ('25', '1', '56', '2025-08-16', '2025-08-30', '2025-08-16');
INSERT INTO `Borrow` (`BorrowID`, `UserID`, `CopyID`, `Borrow_Date`, `Due_Date`, `Return_Date`) VALUES ('26', '1', '57', '2025-08-16', '2025-08-30', '2025-08-16');
INSERT INTO `MaintenanceLog` (`LogID`, `CopyID`, `UserID`, `DateReported`, `IssueDescription`, `IsResolved`) VALUES ('1', '10', '1', '2025-08-15', 'blood stains', '1');
INSERT INTO `MaintenanceLog` (`LogID`, `CopyID`, `UserID`, `DateReported`, `IssueDescription`, `IsResolved`) VALUES ('2', '28', '1', '2025-08-16', 'Coffee Stains', '1');
INSERT INTO `MaintenanceLog` (`LogID`, `CopyID`, `UserID`, `DateReported`, `IssueDescription`, `IsResolved`) VALUES ('3', '11', '1', '2025-08-16', 'blood stains', '0');
INSERT INTO `BooksAdded` (`ISBN`, `UserID`, `AddDate`) VALUES ('ISBN1029', '1', '2025-08-16');
INSERT INTO `BooksAdded` (`ISBN`, `UserID`, `AddDate`) VALUES ('ISBN1035', '1', '2025-08-16');
INSERT INTO `BooksAdded` (`ISBN`, `UserID`, `AddDate`) VALUES ('ISBN1037', '1', '2025-08-16');
INSERT INTO `BooksAdded` (`ISBN`, `UserID`, `AddDate`) VALUES ('ISBN1039', '1', '2025-08-15');
INSERT INTO `BooksAdded` (`ISBN`, `UserID`, `AddDate`) VALUES ('ISBN1041', '1', '2025-08-16');
INSERT INTO `BooksAdded` (`ISBN`, `UserID`, `AddDate`) VALUES ('ISBN1044', '1', '2025-08-16');
INSERT INTO `BooksAdded` (`ISBN`, `UserID`, `AddDate`) VALUES ('ISBN1089', '1', '2025-08-15');
INSERT INTO `BooksAdded` (`ISBN`, `UserID`, `AddDate`) VALUES ('ISBN1095', '1', '2025-08-16');
INSERT INTO `BooksAdded` (`ISBN`, `UserID`, `AddDate`) VALUES ('ISBN1099', '1', '2025-08-15');
INSERT INTO `BooksAdded` (`ISBN`, `UserID`, `AddDate`) VALUES ('ISBN20171', '1', '2025-08-16');
INSERT INTO `BooksAdded` (`ISBN`, `UserID`, `AddDate`) VALUES ('ISBN2992', '1', '2025-08-16');
INSERT INTO `BookRequests` (`ReqID`, `Author`, `UserID`, `Status`, `BookName`) VALUES ('4', 'Rifa', '5', 'Added', 'Just Another Teen Story');
INSERT INTO `BookRequests` (`ReqID`, `Author`, `UserID`, `Status`, `BookName`) VALUES ('5', 'Kurahami', '5', 'Added', 'Tokyo Kushu');
INSERT INTO `BookRequests` (`ReqID`, `Author`, `UserID`, `Status`, `BookName`) VALUES ('6', 'Momy', '5', 'Declined', 'Lets see');
